{"list":[172.3327178955078,204.00912475585938]}{"listTimerBALData":[0.8783165812492371,2.044809579849243,6.441719055175781,12.74276065826416,19.50128173828125,22.56538963317871,26.184085845947267,31.900423049926759,36.99663543701172,40.83806610107422,52.25851058959961,59.9377555847168,0.8581677079200745,5.792485237121582,10.369190216064454,33.68341827392578,62.2668342590332,70.26132202148438,75.20587921142578,96.552001953125,107.71199798583985,107.71199798583985,107.71199798583985,107.71199798583985]}