{"list":[172.3327178955078]}{"listTimerBALData":[0.959515392780304,5.8763251304626469,12.917886734008789,16.534452438354493,20.853912353515626,26.159887313842775,28.858362197875978,35.338600158691409,36.99663543701172,40.83806610107422,52.25851058959961,59.9377555847168,0.8581677079200745,5.792485237121582,10.369190216064454,33.68341827392578,62.2668342590332,70.26132202148438,75.20587921142578,96.552001953125,107.71199798583985,107.71199798583985,107.71199798583985,107.71199798583985]}